{
  "shape": [
    517,
    13
  ],
  "columns": [
    "X",
    "Y",
    "month",
    "day",
    "FFMC",
    "DMC",
    "DC",
    "ISI",
    "temp",
    "RH",
    "wind",
    "rain",
    "area"
  ],
  "null_counts": {
    "X": 0,
    "Y": 0,
    "month": 0,
    "day": 0,
    "FFMC": 0,
    "DMC": 0,
    "DC": 0,
    "ISI": 0,
    "temp": 0,
    "RH": 0,
    "wind": 0,
    "rain": 0,
    "area": 0
  },
  "dtypes": {
    "X": "int64",
    "Y": "int64",
    "month": "object",
    "day": "object",
    "FFMC": "float64",
    "DMC": "float64",
    "DC": "float64",
    "ISI": "float64",
    "temp": "float64",
    "RH": "int64",
    "wind": "float64",
    "rain": "float64",
    "area": "float64"
  },
  "head": [
    {
      "X": 7,
      "Y": 5,
      "month": "mar",
      "day": "fri",
      "FFMC": 86.2,
      "DMC": 26.2,
      "DC": 94.3,
      "ISI": 5.1,
      "temp": 8.2,
      "RH": 51,
      "wind": 6.7,
      "rain": 0.0,
      "area": 0.0
    },
    {
      "X": 7,
      "Y": 4,
      "month": "oct",
      "day": "tue",
      "FFMC": 90.6,
      "DMC": 35.4,
      "DC": 669.1,
      "ISI": 6.7,
      "temp": 18.0,
      "RH": 33,
      "wind": 0.9,
      "rain": 0.0,
      "area": 0.0
    },
    {
      "X": 7,
      "Y": 4,
      "month": "oct",
      "day": "sat",
      "FFMC": 90.6,
      "DMC": 43.7,
      "DC": 686.9,
      "ISI": 6.7,
      "temp": 14.6,
      "RH": 33,
      "wind": 1.3,
      "rain": 0.0,
      "area": 0.0
    },
    {
      "X": 8,
      "Y": 6,
      "month": "mar",
      "day": "fri",
      "FFMC": 91.7,
      "DMC": 33.3,
      "DC": 77.5,
      "ISI": 9.0,
      "temp": 8.3,
      "RH": 97,
      "wind": 4.0,
      "rain": 0.2,
      "area": 0.0
    },
    {
      "X": 8,
      "Y": 6,
      "month": "mar",
      "day": "sun",
      "FFMC": 89.3,
      "DMC": 51.3,
      "DC": 102.2,
      "ISI": 9.6,
      "temp": 11.4,
      "RH": 99,
      "wind": 1.8,
      "rain": 0.0,
      "area": 0.0
    },
    {
      "X": 8,
      "Y": 6,
      "month": "aug",
      "day": "sun",
      "FFMC": 92.3,
      "DMC": 85.3,
      "DC": 488.0,
      "ISI": 14.7,
      "temp": 22.2,
      "RH": 29,
      "wind": 5.4,
      "rain": 0.0,
      "area": 0.0
    },
    {
      "X": 8,
      "Y": 6,
      "month": "aug",
      "day": "mon",
      "FFMC": 92.3,
      "DMC": 88.9,
      "DC": 495.6,
      "ISI": 8.5,
      "temp": 24.1,
      "RH": 27,
      "wind": 3.1,
      "rain": 0.0,
      "area": 0.0
    },
    {
      "X": 8,
      "Y": 6,
      "month": "aug",
      "day": "mon",
      "FFMC": 91.5,
      "DMC": 145.4,
      "DC": 608.2,
      "ISI": 10.7,
      "temp": 8.0,
      "RH": 86,
      "wind": 2.2,
      "rain": 0.0,
      "area": 0.0
    },
    {
      "X": 8,
      "Y": 6,
      "month": "sep",
      "day": "tue",
      "FFMC": 91.0,
      "DMC": 129.5,
      "DC": 692.6,
      "ISI": 7.0,
      "temp": 13.1,
      "RH": 63,
      "wind": 5.4,
      "rain": 0.0,
      "area": 0.0
    },
    {
      "X": 7,
      "Y": 5,
      "month": "sep",
      "day": "sat",
      "FFMC": 92.5,
      "DMC": 88.0,
      "DC": 698.6,
      "ISI": 7.1,
      "temp": 22.8,
      "RH": 40,
      "wind": 4.0,
      "rain": 0.0,
      "area": 0.0
    }
  ]
}